{"_sessions":{"BZVpdOnLryNodqDKOHwUqTRRWLYWaVyD9uxQYJPilbZl":{"registrationId":890549205,"currentRatchet":{"ephemeralKeyPair":{"pubKey":"BbG+dFAC50AGOq6dXGLu0Eg1mZwLjlZ/WAC4XCeTnl5s","privKey":"+OAjbGvhLa6R9C7+k6utbr3MUoIZofT3WnvSaQUwdXY="},"lastRemoteEphemeralKey":"Bcl49bqsnUclNAyztgzvL+yGtnDGkUxU2eWO3GBwMvlU","previousCounter":0,"rootKey":"YQEz/FWIaEUYTCnPLAQJdlr2YB40h9uMMr4oGlw31Rg="},"indexInfo":{"baseKey":"BZVpdOnLryNodqDKOHwUqTRRWLYWaVyD9uxQYJPilbZl","baseKeyType":2,"closed":-1,"used":1750198323170,"created":1750198323170,"remoteIdentityKey":"Bb/h0dZHqQ7y9fYYoQeeWxAU8Sau+1cPoQIRc88gWEwF"},"_chains":{"Bcl49bqsnUclNAyztgzvL+yGtnDGkUxU2eWO3GBwMvlU":{"chainKey":{"counter":7,"key":"L0N8WwBvV0skCdKdfbiAatEc7uIxhP+WQ1F9LY3K+Y0="},"chainType":2,"messageKeys":{}},"BbG+dFAC50AGOq6dXGLu0Eg1mZwLjlZ/WAC4XCeTnl5s":{"chainKey":{"counter":4,"key":"0ufrYAPLInwwPBOjmyLT5QHLrZ6FZaof/hoaMIRjocQ="},"chainType":1,"messageKeys":{}}}}},"version":"v1"}