{"_sessions":{"BW6795aM9YAB3m2B+EbdIVFSTYYOI3obe6mk0CcF5Hpd":{"registrationId":594332505,"currentRatchet":{"ephemeralKeyPair":{"pubKey":"BcOYn7iqw8J+Pv+ChuBPKkeiz+MpqUpuoPYl/SS5sece","privKey":"gHjAjuzFgDJrcppDSbZf/nU0ugvmpNyNxE+uQ7Qnl0E="},"lastRemoteEphemeralKey":"BdEIpQl6aPcw4CzUMCtwlNlPIEcTg/pmm6x+tCj8tOEO","previousCounter":0,"rootKey":"8XU7zJQY3n7xVp7mVEt45lMuIg4BLi7iutzsZ8wq0/Y="},"indexInfo":{"baseKey":"BW6795aM9YAB3m2B+EbdIVFSTYYOI3obe6mk0CcF5Hpd","baseKeyType":2,"closed":-1,"used":1750198358530,"created":1750198344900,"remoteIdentityKey":"BZAgUlh6P/qgvStelFhtFcBy4yCokaGZRMtjheIc5AcF"},"_chains":{"Bcg10IvHZ55iZKbB5hcDXL/cSG5uCV5NGr4GKzAJjyhf":{"chainKey":{"counter":0},"chainType":2,"messageKeys":{}},"BSLJlZfk8fYBQ+O1KhHIpWC+uoGvedqQbatWuwBDhdZS":{"chainKey":{"counter":0},"chainType":2,"messageKeys":{}},"BcSt320a5FIDw9na2opSZY2HMjc4T5IUfxgxwpwhqqJY":{"chainKey":{"counter":0},"chainType":2,"messageKeys":{}},"BdEIpQl6aPcw4CzUMCtwlNlPIEcTg/pmm6x+tCj8tOEO":{"chainKey":{"counter":0,"key":"9oAK3jrCUNf1kfAlOglN0r39cPJDFX74ZCuK5U++rxg="},"chainType":2,"messageKeys":{}},"BcOYn7iqw8J+Pv+ChuBPKkeiz+MpqUpuoPYl/SS5sece":{"chainKey":{"counter":1,"key":"3xhFbELPMMtdovahViT0X9C6Or38GmmdiaZJsq9o/rU="},"chainType":1,"messageKeys":{}}}}},"version":"v1"}