{"noiseKey":{"private":{"type":"Buffer","data":"kKonqLEfPgpkww88+LHHZkD4lj6qBUlBXWSqckdcDnY="},"public":{"type":"Buffer","data":"hrqJpRQsN+lKU/RNj3AhM6/SqpPu8GlZaM+RhppNfDk="}},"pairingEphemeralKeyPair":{"private":{"type":"Buffer","data":"iM1J5iRvUUg02FcFrIFNX2X00U1DTgxjls0P+vdGi1Q="},"public":{"type":"Buffer","data":"MMu6iceIVUZGiI95ZG3DH8hP9arUvRpi57EEe2b5PDY="}},"signedIdentityKey":{"private":{"type":"Buffer","data":"oBvUqKze6JB/73i/BRasx6LNdHkNm9UN+bfVFmhhs0A="},"public":{"type":"Buffer","data":"Lsp4pOJpubokwT2qEixNsj8bZVqa3jiIXVlHwlzprW8="}},"signedPreKey":{"keyPair":{"private":{"type":"Buffer","data":"SNeCWPSsTl6cL5ZduwsIHO8setxP1AYb3QJeNo6iF3M="},"public":{"type":"Buffer","data":"g+GRM7tDVsME17LZAS727bej8IKhwkTrJzwFLTBDxWU="}},"signature":{"type":"Buffer","data":"2OypgINcxnf0yTdsH3gBVd/3gJZe/rbxLSI4ehSsbFflXtQVx4yDv6/JYi4Lszu994eNhnzNCvUF6DtxLVc6jw=="},"keyId":1},"registrationId":180,"advSecretKey":"Zj8/ltlQeXTOKTkyIE2hQHgoiQesiFr4ThEjuwww924=","processedHistoryMessages":[{"key":{"remoteJid":"919152299833@s.whatsapp.net","fromMe":true,"id":"D7899031FBE387AC9DC977E67B116B15"},"messageTimestamp":1750198342},{"key":{"remoteJid":"919152299833@s.whatsapp.net","fromMe":true,"id":"E126ED027535F49D36FB382597589C19"},"messageTimestamp":1750198343},{"key":{"remoteJid":"919152299833@s.whatsapp.net","fromMe":true,"id":"1338C64294CC7F868BAD6E2627FCB649"},"messageTimestamp":1750198349}],"nextPreKeyId":31,"firstUnuploadedPreKeyId":31,"accountSyncCounter":1,"accountSettings":{"unarchiveChats":false},"registered":false,"account":{"details":"CJP/8fsCEMHQx8IGGAEgACgA","accountSignatureKey":"v+HR1kepDvL19hihB55bEBTxJq77Vw+hAhFzzyBYTAU=","accountSignature":"cagfgEgOD/0XaA5IAPQlgXDFjo4CGiamDbcUhbKCA7mpRg+nI/AZRwBxre0iqZWONzgckdSsPorKtpfGa9h6BQ==","deviceSignature":"XKCU2Nvaxysmpugg2lTkCXu+deEvfUywJyZrkc1pGtrSLB8qZQM4s057JvCXAwlkw3LlQkr3OhvooLQwzO2miQ=="},"me":{"id":"919152299833:29@s.whatsapp.net","name":"Sea Food Kings","lid":"38139376726106:29@lid"},"signalIdentities":[{"identifier":{"name":"919152299833:29@s.whatsapp.net","deviceId":0},"identifierKey":{"type":"Buffer","data":"Bb/h0dZHqQ7y9fYYoQeeWxAU8Sau+1cPoQIRc88gWEwF"}}],"platform":"smba","routingInfo":{"type":"Buffer","data":"CBIIAg=="},"lastAccountSyncTimestamp":1750198340,"lastPropHash":"4ZRP6S","myAppStateKeyId":"AAAAACn5"}