{"version":2,"hash":{"type":"Buffer","data":"4+UpOn0ChabXplBbnb+qaAxOUHkvurcRVaFeQyD16zlssTfqvLSAx+NoedQutjklTyUpyhsbBZph5TX0gtE5mWbjPgg8Rz0udvprYRKODAAGdn9OEq5z5EURtKG6/+23LliQ4RD2FQk61zp/4DGXnzzWFovrCNOVWEpbNJBQb1s="},"indexValueMap":{"bPEprFq3QvyGk29TrEDV6qb0uRG0nMcjmkBpmhqGFU8=":{"valueMac":{"type":"Buffer","data":"iRCGq9jB2H0QTYVUtWhgJBVZAPOeKQ13Pc/PaHMKHuc="}},"iUybhxl4Nnxc08haTWOZ1Y8yS0o7d0mh7uCLvDYyANM=":{"valueMac":{"type":"Buffer","data":"0tTtuv09z6CM1WX8lQzJgovG0iiXNQ7kQ6Nu//NgHMc="}},"k7FHQfQOF/RFOohT+VS0mvg0sEHlef/vLxJ3slXB+wM=":{"valueMac":{"type":"Buffer","data":"wF93PyMkvuTAl50noQAAhDcR87iWF9vUcLOF590krG0="}}}}