{"version":6,"hash":{"type":"Buffer","data":"xNbDsgZ9I52c+DqPwajvI08RIsECQtxLqPx+SAjqFOxUmfDkjoAXr/DLcSW2YsiQJ4UwAvRmmkfPBDllxiRy8SydyzJMormnO19bO/g6ri3FBlY8XnSiTu3woxhmL1F7lNC2JGoITzpMcovfczAzQ4yvLjhqzlamOK74bGQGITA="},"indexValueMap":{"BxKp6dS3960i8LBtpxtrAJm9AMItpDh2rWZ26pefXzM=":{"valueMac":{"type":"Buffer","data":"kuUlrP6up0gPjTZgSTXcr+4SP7nPue85+6E1fypuGZs="}},"Eht6Mk75F9atRtk+Bmfakt1aeWuXA0+1VYsNO8zkX2E=":{"valueMac":{"type":"Buffer","data":"mCToIvyIv0jJsrmZFKL0f0XFlqnGLNApzJFjv/8yd/c="}},"GDud7soaWDOwFYvl8jVvp2TzfOR1Pkf7Eu2XO5OB+UA=":{"valueMac":{"type":"Buffer","data":"h+JPB2pQgBYLTRfEyAbzv4mW4abADCDBE1pbPFY1vo0="}},"R6pxQWn8yemjSe4dZ1W1enzyHxxYXsHM2guOHjCbfR4=":{"valueMac":{"type":"Buffer","data":"NBFOEFX5EAVbZJVBqcYIILk3isryZMabaS6SSftKjVE="}},"R//+7eSrokkcHwfczimXzx3/L2dJj8elr63RScnbE38=":{"valueMac":{"type":"Buffer","data":"eFt3I2r2Y3FuCbVDSmjEQQtpNIezNCCT084aZSIoDPM="}},"S3HxTJq5H7Js8uGNA7DclYqXux8Kifg2N0CEZkJPwm8=":{"valueMac":{"type":"Buffer","data":"Q7FtxtleqTPaBcPC+Rj+wlFIgvXApYISDiQk3f6tujM="}},"TNWcQxpZ4JaZUQJptvWoTVzvsuGieaWgMzNPPrrW91Y=":{"valueMac":{"type":"Buffer","data":"Zo6lLUkf7AXkGlx88wOiCP2+3tItPJ/fpvsPPuJ8PRI="}},"TZ1aX/ulfbcwUjsRdAhsAWb7zG3rAVyNO7JdLfpz95k=":{"valueMac":{"type":"Buffer","data":"dkiScMcSK7OJKAfRg0dzuFDKkZopN0b46miaukWt9r8="}},"UiuudqDNPRzTnJ7l22fhhKaGA035moylvIOw0fpOKvI=":{"valueMac":{"type":"Buffer","data":"CXIyquAdRO8xQNSQpFUn0McqZYnEB2GePDgvidn6Jtw="}},"UoKFy0X/k7RjO+7WPFiGJOlDGkKui7W+jdSfzim01NQ=":{"valueMac":{"type":"Buffer","data":"LIR2apQTQHXb7251COUrQkATONA99p87eZvqPBC2Uxw="}},"XygHy6NR0F5JUbDHHrHjnJd17I5EQER2l3OBLEBMmk0=":{"valueMac":{"type":"Buffer","data":"AqUZ7fTax7euTEXaGReuaGeK4Ubwa1xRVZgxToydEts="}},"bkTQsmvv+vuz5OcPDPj26SpKf9I638s3le70Csp5X44=":{"valueMac":{"type":"Buffer","data":"L+DwNmESfW9H146M36G76QD4I7pGSlY3i1aI3FQSmnQ="}},"fu6hb7S+ulVTtd0wLLw1p63FsZthuVxPrBAo3rAin5k=":{"valueMac":{"type":"Buffer","data":"Y7OW4DCRixBc/HrKJIprC8DFBvjDTKeGRVGgiG/lqig="}},"h81WGI2IQ0SkffT4hYgDECgtc0UHWPAkNzNokF3N6gU=":{"valueMac":{"type":"Buffer","data":"YynvkZtxO5h18rjImWZJiqhP6+ffhwNBhI+ozefnSxE="}},"kfKa04Nx14iDTqM+5yxFB1pavVWtycHVFEkNhn4ZVpE=":{"valueMac":{"type":"Buffer","data":"bNchz0CAMj3RmQl9bGMhlM1kYesVMFcinhOM9DHdK4M="}},"lLXcHwm/1NXbZoPzuX+71kL2uhTyG6dFjh8Ji7EWfLg=":{"valueMac":{"type":"Buffer","data":"LrWbWDSFjf5IQ53xrvSIGp3moXLHM8xRCpYkwotl1VY="}},"yVGC25KiCpOiU8AgGHBezf8WU2PzT77LqgCBgeJ25r8=":{"valueMac":{"type":"Buffer","data":"mDfurVKUtxTqLi30kvJ7N7tOKhUCeKovpI7SXlycSXQ="}},"07SYzt3jzaadvQ3Az9g1Kh23wZXKmd4PJ6pMUvQY87c=":{"valueMac":{"type":"Buffer","data":"b6KUvaIx1c/4S54QlfybqSAQHHHIpf167l26E3lSMQQ="}},"498FaqElf+q3f6R7SsRCh9jwRKYPdmB/2z91EOa5e80=":{"valueMac":{"type":"Buffer","data":"WeVVu0AMkOWYl8gDTJTS5VycUzZoMHYTbD6MI/dT58c="}},"6B5DeA6pu4u4mnZMNVHXOV+N3WQgfQ278XnlXYtKIO8=":{"valueMac":{"type":"Buffer","data":"kMKchI/Q63hPrk1hqY4mVF6ZFYkSl4fJyaDM3Q8wRsY="}},"6Xw914XzLRPcbgQu3NtqNrPcxv1i0v1QGrPpTZlTA94=":{"valueMac":{"type":"Buffer","data":"NLUZvO0+KEZArDv20qVhi/aI1HrrZoNP4gaX23Ikk20="}},"xsRK21hveMhyYNE/Z27S3vW6fwGX6tiMGCQ0yKQTHYA=":{"valueMac":{"type":"Buffer","data":"GavgTjQqUys8x8L+R0TYWMHub2zikZnpp87R7m69Ljk="}},"OvHzVHCMKR9rM4+5YbEWFL+5CaL/bGZKYDmEKNkhh2A=":{"valueMac":{"type":"Buffer","data":"YTEuWVPbsAu7ujuPBaGEtpWh67jHE+N0Z1M5E/0kY00="}},"jrZ5ulS0cJpKoX47x71SJj9h0uFUJYPVKWDVczKEpKU=":{"valueMac":{"type":"Buffer","data":"j200rKY+sdgilG5QMOHXiMWGYFjKirXVQrW3WlT0s8g="}},"5vDjk5a9Z/K/19FuQxx6cylQRYp8U+6Ka3rdSc8gaHU=":{"valueMac":{"type":"Buffer","data":"1RK4uVGuv1yNVw/NlIaB5/Er4dFOCWW4oVRobHmrfQI="}},"cIb1Kd1w+PEUNeKOuE//YVzHByudoRSkHOWolCZc8gE=":{"valueMac":{"type":"Buffer","data":"3oEsvhiRrXlrxbkMY8VD4+mIGhtNuH1RWbJPJXOtsc8="}},"2ME0Ta1deLF5akkXe5wSPYhlWHi3Lmw2zwe0UfCENW8=":{"valueMac":{"type":"Buffer","data":"uYzfqd2rskeuY18tl/ROjJuwScUVDl9xWxK7NQHugww="}},"RNRd4fS8iP0VL7B7DWLNNr5lqz0tiszOeUUj6J7d2Sw=":{"valueMac":{"type":"Buffer","data":"0QApA3kDvUKAGFyaMDPDN+XYae7E5lZul1lSKZ0G+Ds="}}}}